img-dnn,xapian,masstree,50,20,100,hist
7.997,6.233,5.318,0.15994,0.31165,0.05318,0.174923333
241.509,61.478,32.648,4.83018,3.0739,0.32648,2.74352
1043.701,5191.323,363.429,20.87402,259.56615,3.63429,94.69148667
1083.528,7064.376,61.572,21.67056,353.2188,0.61572,125.16836
2.7,5209.343,18.018,0.054,260.46715,0.18018,86.90044333
2.039,177.237,70.054,0.04078,8.86185,0.70054,3.201056667
1.944,567.522,40.65,0.03888,28.3761,0.4065,9.60716
1.715,1061.46,5.722,0.0343,53.073,0.05722,17.72150667
1.796,8.554,3.346,0.03592,0.4277,0.03346,0.165693333
1.641,143.714,58.608,0.03282,7.1857,0.58608,2.601533333
2.254,220.347,123.064,0.04508,11.01735,1.23064,4.09769
390.804,4378.904,209.603,7.81608,218.9452,2.09603,76.28577
1590.943,6.026,42.042,31.81886,0.3013,0.42042,10.84686
4.418,6.554,4.405,0.08836,0.3277,0.04405,0.15337
9.388,7.537,187.268,0.18776,0.37685,1.87268,0.81243
275.913,6.806,40.691,5.51826,0.3403,0.40691,2.08849
2301.471,11.445,4.773,46.02942,0.57225,0.04773,15.5498
29.838,4.973,49.473,0.59676,0.24865,0.49473,0.446713333
9.839,6.51,3.251,0.19678,0.3255,0.03251,0.18493
621.505,52.116,43.63,12.4301,2.6058,0.4363,5.1574
321.549,156.203,8.555,6.43098,7.81015,0.08555,4.77556
1.793,197.68,4.112,0.03586,9.884,0.04112,3.320326667
542.033,70.242,7.29,10.84066,3.5121,0.0729,4.808553333
3.926,40.323,3.456,0.07852,2.01615,0.03456,0.709743333
210.974,5.884,6.502,4.21948,0.2942,0.06502,1.526233333
1002.882,8.646,5.396,20.05764,0.4323,0.05396,6.847966667
20.367,28.439,4.501,0.40734,1.42195,0.04501,0.624766667
534.395,5.966,5.104,10.6879,0.2983,0.05104,3.67908
2314.62,1157.264,5.917,46.2924,57.8632,0.05917,34.73825667
656.355,15.05,254.427,13.1271,0.7525,2.54427,5.474623333
1.75,6.384,3.518,0.035,0.3192,0.03518,0.129793333
6.719,27.673,5.678,0.13438,1.38365,0.05678,0.524936667
1.511,6.072,49.779,0.03022,0.3036,0.49779,0.277203333
665.16,5.379,3.645,13.3032,0.26895,0.03645,4.5362
527.212,5.75,5.33,10.54424,0.2875,0.0533,3.628346667
296.203,5.681,6.278,5.92406,0.28405,0.06278,2.090296667
5.053,5.777,178.784,0.10106,0.28885,1.78784,0.725916667
1.688,45.509,3.995,0.03376,2.27545,0.03995,0.783053333
2.596,5.952,41.478,0.05192,0.2976,0.41478,0.254766667
1.529,6.043,3.538,0.03058,0.30215,0.03538,0.122703333
3.593,5.631,118.651,0.07186,0.28155,1.18651,0.513306667
1.829,6.398,4.396,0.03658,0.3199,0.04396,0.13348
1.44,195.047,48.161,0.0288,9.75235,0.48161,3.42092
1.991,5.917,169.339,0.03982,0.29585,1.69339,0.676353333
1.956,80.389,3.933,0.03912,4.01945,0.03933,1.365966667
1.706,1553.876,4.76,0.03412,77.6938,0.0476,25.92517333
1.964,7.657,4.772,0.03928,0.38285,0.04772,0.156616667
4.211,22.917,5.932,0.08422,1.14585,0.05932,0.429796667
2.709,9.681,4.888,0.05418,0.48405,0.04888,0.195703333
1.975,6.42,4.143,0.0395,0.321,0.04143,0.133976667
1194.308,104.854,151.868,23.88616,5.2427,1.51868,10.21584667
661.519,1807.555,143.52,13.23038,90.37775,1.4352,35.01444333
1.935,1526.179,3.456,0.0387,76.30895,0.03456,25.46073667
382.457,33.583,6.166,7.64914,1.67915,0.06166,3.129983333
548.528,5.023,57.094,10.97056,0.25115,0.57094,3.930883333
1.766,6.444,3.371,0.03532,0.3222,0.03371,0.13041
1.848,5.033,3.188,0.03696,0.25165,0.03188,0.10683
1.841,5.13,3.503,0.03682,0.2565,0.03503,0.10945
3.862,61.322,4.656,0.07724,3.0661,0.04656,1.0633
2.083,4.937,45.768,0.04166,0.24685,0.45768,0.24873
1.655,6.527,3.598,0.0331,0.32635,0.03598,0.13181
676.439,2099.117,27.051,13.52878,104.95585,0.27051,39.58504667
483.398,529.354,43.801,9.66796,26.4677,0.43801,12.19122333
7.429,5.772,4.658,0.14858,0.2886,0.04658,0.161253333
2.114,5.202,5.147,0.04228,0.2601,0.05147,0.11795
3.26,17.062,4.639,0.0652,0.8531,0.04639,0.321563333
2.68,5.361,4.733,0.0536,0.26805,0.04733,0.122993333
499.459,4.775,4.583,9.98918,0.23875,0.04583,3.424586667
506.955,25.03,27.195,10.1391,1.2515,0.27195,3.887516667
73.543,1772.109,5.658,1.47086,88.60545,0.05658,30.04429667
2.272,5.709,3.413,0.04544,0.28545,0.03413,0.121673333
418.608,5.442,3.263,8.37216,0.2721,0.03263,2.892296667
8.621,5.825,3.964,0.17242,0.29125,0.03964,0.16777
1089.506,439.974,33.009,21.79012,21.9987,0.33009,14.70630333
1.877,1566.096,32.428,0.03754,78.3048,0.32428,26.22220667
1.91,5.568,3.313,0.0382,0.2784,0.03313,0.116576667
43.007,44.435,50.208,0.86014,2.22175,0.50208,1.194656667
325.387,6.046,48.875,6.50774,0.3023,0.48875,2.43293
1.727,6.623,3.259,0.03454,0.33115,0.03259,0.13276
300.562,904.942,10.473,6.01124,45.2471,0.10473,17.12102333
1353.95,5.671,150.845,27.079,0.28355,1.50845,9.623666667
1.875,6.902,3.328,0.0375,0.3451,0.03328,0.138626667
2.684,15.452,3.286,0.05368,0.7726,0.03286,0.28638
2.946,5.397,66.47,0.05892,0.26985,0.6647,0.331156667
1.804,5.734,3.36,0.03608,0.2867,0.0336,0.118793333
548.333,7.305,59.088,10.96666,0.36525,0.59088,3.974263333
1.781,6.395,2.998,0.03562,0.31975,0.02998,0.12845
1.871,44.859,4.169,0.03742,2.24295,0.04169,0.77402
2.147,7.369,3.137,0.04294,0.36845,0.03137,0.147586667
1.928,8.713,3.631,0.03856,0.43565,0.03631,0.170173333
502.056,248.992,345.044,10.04112,12.4496,3.45044,8.647053333
2.202,6.966,3.994,0.04404,0.3483,0.03994,0.144093333
4.712,5.335,65.416,0.09424,0.26675,0.65416,0.338383333
2.041,5.723,3.597,0.04082,0.28615,0.03597,0.12098
2.487,5.816,59.795,0.04974,0.2908,0.59795,0.31283
1.739,5.693,3.358,0.03478,0.28465,0.03358,0.11767
4.367,5.683,55.545,0.08734,0.28415,0.55545,0.30898
1.775,5.987,3.64,0.0355,0.29935,0.0364,0.12375
3.641,5.105,67.359,0.07282,0.25525,0.67359,0.333886667
1.694,5.997,2.964,0.03388,0.29985,0.02964,0.121123333
3.092,2000.293,47.087,0.06184,100.01465,0.47087,33.51578667
229.219,6.903,12.923,4.58438,0.34515,0.12923,1.686253333
3.063,9.5,63.146,0.06126,0.475,0.63146,0.38924
2.306,5.914,3.145,0.04612,0.2957,0.03145,0.124423333
1.452,5.311,3.534,0.02904,0.26555,0.03534,0.109976667
2.091,6.708,3.277,0.04182,0.3354,0.03277,0.136663333
1.92,4.954,3.623,0.0384,0.2477,0.03623,0.107443333
757.213,4.74,3.599,15.14426,0.237,0.03599,5.139083333
378.064,14.999,18.787,7.56128,0.74995,0.18787,2.833033333
1.59,849.89,69.096,0.0318,42.4945,0.69096,14.40575333
1.897,7.476,3.356,0.03794,0.3738,0.03356,0.148433333
1.866,20.892,3.781,0.03732,1.0446,0.03781,0.373243333
1.714,5.219,74.029,0.03428,0.26095,0.74029,0.345173333
1.89,9.029,3.152,0.0378,0.45145,0.03152,0.17359
2.001,5.263,66.348,0.04002,0.26315,0.66348,0.322216667
1.707,6.375,3.506,0.03414,0.31875,0.03506,0.129316667
3.329,31.564,47.011,0.06658,1.5782,0.47011,0.704963333
1.604,5.9,71.477,0.03208,0.295,0.71477,0.347283333
1.482,7.752,3.559,0.02964,0.3876,0.03559,0.150943333
1.908,5.217,63.968,0.03816,0.26085,0.63968,0.312896667
311.057,9.355,4.982,6.22114,0.46775,0.04982,2.246236667
34.699,5.081,74.608,0.69398,0.25405,0.74608,0.564703333
1.426,6.104,3.256,0.02852,0.3052,0.03256,0.122093333
1.837,13.499,4.442,0.03674,0.67495,0.04442,0.252036667
3.37,6.802,43.09,0.0674,0.3401,0.4309,0.279466667
1.692,5.934,3.34,0.03384,0.2967,0.0334,0.121313333
3.399,198.185,46.334,0.06798,9.90925,0.46334,3.48019
2.096,7.108,3.455,0.04192,0.3554,0.03455,0.143956667
1.897,141.959,6.062,0.03794,7.09795,0.06062,2.398836667
1.819,2528.865,5.427,0.03638,126.44325,0.05427,42.17796667
3.458,2969.089,129.681,0.06916,148.45445,1.29681,49.94014
10.915,7.069,4.388,0.2183,0.35345,0.04388,0.20521
3.782,6.079,3.719,0.07564,0.30395,0.03719,0.138926667
1.724,5.63,3.586,0.03448,0.2815,0.03586,0.11728
3.543,6.322,55.591,0.07086,0.3161,0.55591,0.31429
1.648,5.623,65.562,0.03296,0.28115,0.65562,0.323243333
1.741,5.659,3.582,0.03482,0.28295,0.03582,0.117863333
1.789,143.701,4.83,0.03578,7.18505,0.0483,2.423043333
2.342,402.937,54.977,0.04684,20.14685,0.54977,6.914486667
1.687,5.878,3.045,0.03374,0.2939,0.03045,0.119363333
506.048,6.59,117.19,10.12096,0.3295,1.1719,3.87412
1093.621,7.379,289.783,21.87242,0.36895,2.89783,8.379733333
4.349,5.877,3.685,0.08698,0.29385,0.03685,0.139226667
1.669,5.261,3.314,0.03338,0.26305,0.03314,0.109856667
1.959,14.474,4.284,0.03918,0.7237,0.04284,0.268573333
1.698,7.519,3.408,0.03396,0.37595,0.03408,0.147996667
1.773,4.804,3.274,0.03546,0.2402,0.03274,0.1028
3.083,11.213,3.238,0.06166,0.56065,0.03238,0.21823
1.936,5.124,63.47,0.03872,0.2562,0.6347,0.309873333
445.519,7.68,13.226,8.91038,0.384,0.13226,3.142213333
2.273,183.519,59.411,0.04546,9.17595,0.59411,3.27184
467.508,8.532,4.14,9.35016,0.4266,0.0414,3.27272
3.369,5.361,58.656,0.06738,0.26805,0.58656,0.30733
2.988,6.652,4.562,0.05976,0.3326,0.04562,0.145993333
3.293,110,4.959,0.06586,5.5,0.04959,1.871816667
246.774,231.338,523.548,4.93548,11.5669,5.23548,7.245953333
1.691,10.593,3.351,0.03382,0.52965,0.03351,0.198993333
1.81,7.922,3.579,0.0362,0.3961,0.03579,0.15603
1.899,8.25,4.111,0.03798,0.4125,0.04111,0.163863333
835.78,351.421,65.197,16.7156,17.57105,0.65197,11.64620667
10.547,7.126,3.22,0.21094,0.3563,0.0322,0.199813333
1.895,6.56,69.769,0.0379,0.328,0.69769,0.35453
3.506,5.094,43.106,0.07012,0.2547,0.43106,0.25196
5.27,6.288,3.924,0.1054,0.3144,0.03924,0.153013333
238.985,22.972,4.59,4.7797,1.1486,0.0459,1.9914
4.48,5.293,57.709,0.0896,0.26465,0.57709,0.310446667
1.827,8.617,3.36,0.03654,0.43085,0.0336,0.166996667
6.234,1388.36,132.14,0.12468,69.418,1.3214,23.62136
1.499,6.163,6.475,0.02998,0.30815,0.06475,0.134293333
2.685,2282.984,70.193,0.0537,114.1492,0.70193,38.30161
1146.269,19.813,181.228,22.92538,0.99065,1.81228,8.576103333
6.062,132.647,4.863,0.12124,6.63235,0.04863,2.267406667
9.187,5.999,3.583,0.18374,0.29995,0.03583,0.173173333
2.688,34.882,4.294,0.05376,1.7441,0.04294,0.6136
63.783,89.981,132.503,1.27566,4.49905,1.32503,2.36658
2.373,11.367,3.702,0.04746,0.56835,0.03702,0.21761
3.903,6.187,3.523,0.07806,0.30935,0.03523,0.14088
3.009,11.946,5.208,0.06018,0.5973,0.05208,0.23652
5.243,29.37,67.996,0.10486,1.4685,0.67996,0.751106667
4.107,6.613,3.697,0.08214,0.33065,0.03697,0.14992
2.295,22.161,4.807,0.0459,1.10805,0.04807,0.400673333
1.805,5.714,4.855,0.0361,0.2857,0.04855,0.12345
3.329,65.969,4.701,0.06658,3.29845,0.04701,1.137346667
7.247,7.959,4.817,0.14494,0.39795,0.04817,0.19702
2.915,7.188,4.731,0.0583,0.3594,0.04731,0.155003333
3.05,7.202,5.023,0.061,0.3601,0.05023,0.15711
1.595,5.082,5.832,0.0319,0.2541,0.05832,0.114773333
2.086,345.623,7.584,0.04172,17.28115,0.07584,5.79957
1.875,6.16,42.62,0.0375,0.308,0.4262,0.257233333
1.782,5.479,3.16,0.03564,0.27395,0.0316,0.11373
397.825,5.69,4.867,7.9565,0.2845,0.04867,2.763223333
1.704,4.768,3.43,0.03408,0.2384,0.0343,0.10226
3.142,5.169,3.534,0.06284,0.25845,0.03534,0.118876667
1.918,204.391,4.675,0.03836,10.21955,0.04675,3.434886667
1.646,4.822,3.173,0.03292,0.2411,0.03173,0.101916667
2.303,2784.833,5.085,0.04606,139.24165,0.05085,46.44618667
1.989,6.647,51.477,0.03978,0.33235,0.51477,0.295633333
1.685,5.8,3.59,0.0337,0.29,0.0359,0.119866667
1.75,5.616,69.077,0.035,0.2808,0.69077,0.335523333
1.995,150.944,7.364,0.0399,7.5472,0.07364,2.55358
1.692,4.851,3.616,0.03384,0.24255,0.03616,0.104183333
2.148,6.616,63.932,0.04296,0.3308,0.63932,0.337693333
1.934,186.795,4.664,0.03868,9.33975,0.04664,3.14169
1.647,6.415,3.613,0.03294,0.32075,0.03613,0.12994
1.752,5.756,3.45,0.03504,0.2878,0.0345,0.119113333
458.387,5.745,4.889,9.16774,0.28725,0.04889,3.16796
1.759,187.604,5.769,0.03518,9.3802,0.05769,3.15769
1.95,235.669,4.991,0.039,11.78345,0.04991,3.957453333
1.946,5.472,4.651,0.03892,0.2736,0.04651,0.119676667
1.944,6.659,37.03,0.03888,0.33295,0.3703,0.247376667
1.751,5.67,47.526,0.03502,0.2835,0.47526,0.264593333
1.716,4.798,3.248,0.03432,0.2399,0.03248,0.102233333
2.012,6.588,48.62,0.04024,0.3294,0.4862,0.28528
1.728,5.33,4.727,0.03456,0.2665,0.04727,0.11611
4.141,2658.516,9.326,0.08282,132.9258,0.09326,44.36729333
1.883,6.137,45.173,0.03766,0.30685,0.45173,0.265413333
346.343,4.792,6.228,6.92686,0.2396,0.06228,2.40958
1.606,5.385,46.324,0.03212,0.26925,0.46324,0.25487
4.313,6.343,117.91,0.08626,0.31715,1.1791,0.527503333
2.219,5.761,3.212,0.04438,0.28805,0.03212,0.121516667
1.726,6.424,3.333,0.03452,0.3212,0.03333,0.129683333
1.734,6.708,69.858,0.03468,0.3354,0.69858,0.35622
4.192,5.768,4.7,0.08384,0.2884,0.047,0.139746667
1.716,6.854,3.415,0.03432,0.3427,0.03415,0.137056667
1.967,6.728,41.637,0.03934,0.3364,0.41637,0.264036667
336.48,5.724,4.976,6.7296,0.2862,0.04976,2.355186667
2.224,5.744,3.406,0.04448,0.2872,0.03406,0.121913333
1.843,6.643,38.639,0.03686,0.33215,0.38639,0.2518
3.181,5.635,4.546,0.06362,0.28175,0.04546,0.130276667
2.133,6.602,78.043,0.04266,0.3301,0.78043,0.384396667
1.647,4.643,4.549,0.03294,0.23215,0.04549,0.103526667
1.883,58.187,5.705,0.03766,2.90935,0.05705,1.001353333
2.236,5.625,3.494,0.04472,0.28125,0.03494,0.120303333
1.727,6.255,4.631,0.03454,0.31275,0.04631,0.1312
1.471,6.336,46.459,0.02942,0.3168,0.46459,0.27027
1.965,54.357,5.768,0.0393,2.71785,0.05768,0.938276667
1.733,5.739,3.315,0.03466,0.28695,0.03315,0.118253333
2.127,29.517,5.846,0.04254,1.47585,0.05846,0.525616667
2.825,4.95,3.502,0.0565,0.2475,0.03502,0.113006667
1.997,10.333,3.448,0.03994,0.51665,0.03448,0.197023333
1.972,6.846,60.634,0.03944,0.3423,0.60634,0.32936
1.705,4.821,3.199,0.0341,0.24105,0.03199,0.10238
1.666,4.725,3.626,0.03332,0.23625,0.03626,0.101943333
1.495,5.532,3.355,0.0299,0.2766,0.03355,0.11335
2.713,5.697,4.746,0.05426,0.28485,0.04746,0.128856667
1.86,5.622,3.483,0.0372,0.2811,0.03483,0.11771
1.599,5.122,3.366,0.03198,0.2561,0.03366,0.107246667
4.286,4.859,7.321,0.08572,0.24295,0.07321,0.13396
3.937,5.67,4.506,0.07874,0.2835,0.04506,0.135766667
1.702,6.53,3.533,0.03404,0.3265,0.03533,0.131956667
2.828,10.176,7.131,0.05656,0.5088,0.07131,0.212223333
2.049,5.679,3.347,0.04098,0.28395,0.03347,0.119466667
1.724,5.79,39.816,0.03448,0.2895,0.39816,0.240713333
1.724,4.814,3.214,0.03448,0.2407,0.03214,0.10244
3.202,4.724,7.315,0.06404,0.2362,0.07315,0.124463333
1.722,5.028,3.366,0.03444,0.2514,0.03366,0.1065
1.757,4.748,5.481,0.03514,0.2374,0.05481,0.109116667
1.675,5.186,3.334,0.0335,0.2593,0.03334,0.108713333
1.639,4.839,3.522,0.03278,0.24195,0.03522,0.103316667
7.338,5.754,3.553,0.14676,0.2877,0.03553,0.156663333
556.473,5.225,150.454,11.12946,0.26125,1.50454,4.298416667
5.151,5.681,4.654,0.10302,0.28405,0.04654,0.144536667
1.568,5.495,3.222,0.03136,0.27475,0.03222,0.112776667
1.72,4.868,3.58,0.0344,0.2434,0.0358,0.104533333
1.958,5.15,5.678,0.03916,0.2575,0.05678,0.117813333
1.774,107.195,7.243,0.03548,5.35975,0.07243,1.822553333
405.114,7.976,50.665,8.10228,0.3988,0.50665,3.002576667
1.714,4.941,4.912,0.03428,0.24705,0.04912,0.11015
1.681,4.817,3.735,0.03362,0.24085,0.03735,0.10394
1.591,5.674,48.277,0.03182,0.2837,0.48277,0.266096667
1.747,4.685,4.788,0.03494,0.23425,0.04788,0.10569
1.657,4.727,4.753,0.03314,0.23635,0.04753,0.105673333
1.679,4.874,3.28,0.03358,0.2437,0.0328,0.10336
1.675,4.89,3.443,0.0335,0.2445,0.03443,0.104143333
1.938,4.684,5.928,0.03876,0.2342,0.05928,0.110746667
1.705,5.109,3.232,0.0341,0.25545,0.03232,0.10729
1.657,68.801,5.649,0.03314,3.44005,0.05649,1.17656
1.652,5.125,3.398,0.03304,0.25625,0.03398,0.107756667
2.91,5.161,3.53,0.0582,0.25805,0.0353,0.117183333
1.67,111.974,6.035,0.0334,5.5987,0.06035,1.897483333
1.891,5.584,3.707,0.03782,0.2792,0.03707,0.11803
1.644,4.853,4.415,0.03288,0.24265,0.04415,0.10656
1.658,9.204,4.562,0.03316,0.4602,0.04562,0.17966
3.444,39.223,6.993,0.06888,1.96115,0.06993,0.699986667
1.686,5.686,3.281,0.03372,0.2843,0.03281,0.116943333
1.707,4.899,3.287,0.03414,0.24495,0.03287,0.103986667
1.704,5.589,64.775,0.03408,0.27945,0.64775,0.320426667
1.874,4.876,5.886,0.03748,0.2438,0.05886,0.11338
2.019,5.823,3.513,0.04038,0.29115,0.03513,0.12222
3.188,5.419,5.053,0.06376,0.27095,0.05053,0.128413333
287.694,6.713,9.255,5.75388,0.33565,0.09255,2.060693333
1.769,4.84,3.24,0.03538,0.242,0.0324,0.10326
1.853,5.726,3.301,0.03706,0.2863,0.03301,0.11879
1.469,6.548,5.575,0.02938,0.3274,0.05575,0.13751
1.966,5.645,3.8,0.03932,0.28225,0.038,0.119856667
1.998,4.61,6.022,0.03996,0.2305,0.06022,0.110226667
1.524,5.355,3.254,0.03048,0.26775,0.03254,0.110256667
1.848,5.794,3.305,0.03696,0.2897,0.03305,0.119903333
1.482,5.453,3.3,0.02964,0.27265,0.033,0.111763333
1.757,4.778,3.134,0.03514,0.2389,0.03134,0.101793333
1.615,5.041,3.362,0.0323,0.25205,0.03362,0.10599
1.97,5.524,3.132,0.0394,0.2762,0.03132,0.11564
1.717,4.848,4.716,0.03434,0.2424,0.04716,0.107966667
1.942,5.685,3.344,0.03884,0.28425,0.03344,0.118843333
1.688,6.598,4.647,0.03376,0.3299,0.04647,0.13671
1.738,6.261,4.585,0.03476,0.31305,0.04585,0.13122
1.496,5.475,3.294,0.02992,0.27375,0.03294,0.112203333
1.615,6.28,4.779,0.0323,0.314,0.04779,0.131363333
1.502,5.653,3.668,0.03004,0.28265,0.03668,0.116456667
3.824,4.715,7.371,0.07648,0.23575,0.07371,0.128646667
2.212,5.37,5.912,0.04424,0.2685,0.05912,0.123953333
1.666,4.847,3.383,0.03332,0.24235,0.03383,0.103166667
1.749,5.055,3.33,0.03498,0.25275,0.0333,0.10701
1.637,5.081,3.455,0.03274,0.25405,0.03455,0.107113333
1.683,8.763,4.579,0.03366,0.43815,0.04579,0.172533333
1.624,5.117,3.25,0.03248,0.25585,0.0325,0.106943333
1.978,5.743,3.205,0.03956,0.28715,0.03205,0.119586667
1.661,29.709,4.57,0.03322,1.48545,0.0457,0.521456667
2.357,4.815,3.73,0.04714,0.24075,0.0373,0.108396667
3.645,4.826,5.813,0.0729,0.2413,0.05813,0.12411
3.644,4.793,7.03,0.07288,0.23965,0.0703,0.12761
1.916,5.664,3.59,0.03832,0.2832,0.0359,0.11914
3.244,4.902,5.928,0.06488,0.2451,0.05928,0.123086667
2.032,5.326,3.433,0.04064,0.2663,0.03433,0.113756667
1.748,4.938,4.717,0.03496,0.2469,0.04717,0.109676667
1.676,4.845,3.128,0.03352,0.24225,0.03128,0.10235
1.707,5.836,46.584,0.03414,0.2918,0.46584,0.263926667
1.696,4.835,3.445,0.03392,0.24175,0.03445,0.103373333
1.658,5.686,41.186,0.03316,0.2843,0.41186,0.243106667
3.665,4.772,5.502,0.0733,0.2386,0.05502,0.122306667
1.853,6.696,40.284,0.03706,0.3348,0.40284,0.258233333
2.072,5.612,3.301,0.04144,0.2806,0.03301,0.11835
1.722,5.1,3.223,0.03444,0.255,0.03223,0.107223333
1.937,4.701,3.174,0.03874,0.23505,0.03174,0.101843333
3.983,4.884,5.69,0.07966,0.2442,0.0569,0.12692
1.951,4.769,3.31,0.03902,0.23845,0.0331,0.103523333
3.284,5.735,4.77,0.06568,0.28675,0.0477,0.133376667
1.86,5.801,5.635,0.0372,0.29005,0.05635,0.127866667
1.879,4.8,3.584,0.03758,0.24,0.03584,0.104473333
1.986,4.922,3.469,0.03972,0.2461,0.03469,0.106836667
3.235,4.857,5.634,0.0647,0.24285,0.05634,0.121296667
3.371,8.73,7.027,0.06742,0.4365,0.07027,0.191396667
1.872,4.58,3.75,0.03744,0.229,0.0375,0.101313333
1.833,4.951,5.891,0.03666,0.24755,0.05891,0.114373333
1.906,8.896,3.302,0.03812,0.4448,0.03302,0.17198
1.645,4.814,3.415,0.0329,0.2407,0.03415,0.102583333
2.032,6.666,53.92,0.04064,0.3333,0.5392,0.30438
1.949,2732.649,7.089,0.03898,136.63245,0.07089,45.58077333
4.567,4.881,5.948,0.09134,0.24405,0.05948,0.131623333
1.708,5.735,65.729,0.03416,0.28675,0.65729,0.326066667
1.643,4.876,6.006,0.03286,0.2438,0.06006,0.11224
1.778,6.265,4.836,0.03556,0.31325,0.04836,0.13239
1.895,8.658,3.323,0.0379,0.4329,0.03323,0.16801
1.931,5.69,3.245,0.03862,0.2845,0.03245,0.118523333
1.76,4.816,3.157,0.0352,0.2408,0.03157,0.102523333
1.691,6.582,4.838,0.03382,0.3291,0.04838,0.1371
2.302,6.309,3.761,0.04604,0.31545,0.03761,0.133033333
6.472,5.444,3.501,0.12944,0.2722,0.03501,0.14555
2.921,4.754,7.467,0.05842,0.2377,0.07467,0.123596667
1.951,4.695,3.349,0.03902,0.23475,0.03349,0.10242
3.188,5.129,3.468,0.06376,0.25645,0.03468,0.118296667
2.379,6.616,3.569,0.04758,0.3308,0.03569,0.138023333
2.179,6.656,61.63,0.04358,0.3328,0.6163,0.330893333
1.937,5.901,3.614,0.03874,0.29505,0.03614,0.12331
1.721,6.257,4.983,0.03442,0.31285,0.04983,0.132366667
1.708,4.802,3.217,0.03416,0.2401,0.03217,0.102143333
1.936,9.132,3.477,0.03872,0.4566,0.03477,0.176696667
1.688,4.85,3.829,0.03376,0.2425,0.03829,0.10485
5.875,4.779,6.056,0.1175,0.23895,0.06056,0.139003333
5.051,5.763,4.71,0.10102,0.28815,0.0471,0.145423333
1.995,4.793,5.605,0.0399,0.23965,0.05605,0.111866667
1.657,4.887,3.255,0.03314,0.24435,0.03255,0.103346667
1.864,5.514,63.601,0.03728,0.2757,0.63601,0.31633
1.98,4.718,3.282,0.0396,0.2359,0.03282,0.102773333
1.884,4.719,3.232,0.03768,0.23595,0.03232,0.101983333
1.755,5.462,64.705,0.0351,0.2731,0.64705,0.318416667
1.941,4.802,3.17,0.03882,0.2401,0.0317,0.10354
1.874,4.717,3.399,0.03748,0.23585,0.03399,0.10244
1.837,5.835,3.222,0.03674,0.29175,0.03222,0.120236667
1.635,6.283,4.721,0.0327,0.31415,0.04721,0.131353333
4.235,4.794,5.758,0.0847,0.2397,0.05758,0.127326667
1.978,4.685,3.297,0.03956,0.23425,0.03297,0.10226
1.851,5.019,3.697,0.03702,0.25095,0.03697,0.108313333
1.88,4.774,3.352,0.0376,0.2387,0.03352,0.103273333
3.206,5.111,3.863,0.06412,0.25555,0.03863,0.119433333
1.831,4.644,6.223,0.03662,0.2322,0.06223,0.11035
1.978,4.764,3.382,0.03956,0.2382,0.03382,0.10386
5.806,4.878,5.881,0.11612,0.2439,0.05881,0.13961
2.461,6.313,3.96,0.04922,0.31565,0.0396,0.134823333
1.986,4.852,4.683,0.03972,0.2426,0.04683,0.109716667
1.684,4.769,3.432,0.03368,0.23845,0.03432,0.10215
1.942,10.354,3.331,0.03884,0.5177,0.03331,0.196616667
2.326,5.637,3.691,0.04652,0.28185,0.03691,0.12176
3.379,7.593,49.668,0.06758,0.37965,0.49668,0.314636667
1.779,5.633,43.475,0.03558,0.28165,0.43475,0.25066
1.906,10.4,3.59,0.03812,0.52,0.0359,0.198006667
481.718,4.881,6.202,9.63436,0.24405,0.06202,3.313476667
3.373,4.722,7.33,0.06746,0.2361,0.0733,0.12562
1.808,5.428,67.152,0.03616,0.2714,0.67152,0.32636
1.876,5.703,3.504,0.03752,0.28515,0.03504,0.119236667
1.98,4.819,3.372,0.0396,0.24095,0.03372,0.104756667
2.979,4.856,6.011,0.05958,0.2428,0.06011,0.12083
1.58,8.615,5.834,0.0316,0.43075,0.05834,0.173563333
2.076,6.512,3.508,0.04152,0.3256,0.03508,0.134066667
1.875,4.893,3.198,0.0375,0.24465,0.03198,0.10471
1.977,6.283,3.497,0.03954,0.31415,0.03497,0.129553333
1.751,5.023,3.151,0.03502,0.25115,0.03151,0.105893333
5.7,8.355,6.21,0.114,0.41775,0.0621,0.19795
2.019,6.63,71.148,0.04038,0.3315,0.71148,0.36112
1.676,4.967,3.286,0.03352,0.24835,0.03286,0.10491
1.864,8.329,3.369,0.03728,0.41645,0.03369,0.162473333
1.936,4.945,3.192,0.03872,0.24725,0.03192,0.105963333
3.416,4.738,7.48,0.06832,0.2369,0.0748,0.126673333
3.666,5.469,4.767,0.07332,0.27345,0.04767,0.13148
1.938,4.985,3.522,0.03876,0.24925,0.03522,0.107743333
1.731,5.71,3.234,0.03462,0.2855,0.03234,0.117486667
1.893,6.791,57.231,0.03786,0.33955,0.57231,0.316573333
1.887,5.005,3.325,0.03774,0.25025,0.03325,0.10708
1.706,5.707,56.374,0.03412,0.28535,0.56374,0.294403333
1.964,6.626,3.233,0.03928,0.3313,0.03233,0.134303333
1.703,4.889,3.294,0.03406,0.24445,0.03294,0.103816667
1.981,4.585,3.675,0.03962,0.22925,0.03675,0.101873333
1.76,5.857,4.785,0.0352,0.29285,0.04785,0.1253
1.955,4.605,3.544,0.0391,0.23025,0.03544,0.101596667
1.974,6.252,3.284,0.03948,0.3126,0.03284,0.128306667
2.485,6.008,3.822,0.0497,0.3004,0.03822,0.12944
2.004,4.629,5.836,0.04008,0.23145,0.05836,0.109963333
1.642,4.855,3.388,0.03284,0.24275,0.03388,0.103156667
1.714,4.713,4.578,0.03428,0.23565,0.04578,0.105236667
1.619,5.437,51.566,0.03238,0.27185,0.51566,0.273296667
2.29,4.85,5.909,0.0458,0.2425,0.05909,0.115796667
1.984,9.14,3.363,0.03968,0.457,0.03363,0.17677
1.753,4.868,3.58,0.03506,0.2434,0.0358,0.104753333
1.916,4.762,3.234,0.03832,0.2381,0.03234,0.10292
2.272,5.446,3.646,0.04544,0.2723,0.03646,0.118066667
1.662,4.847,3.261,0.03324,0.24235,0.03261,0.102733333
1.916,8.819,5.835,0.03832,0.44095,0.05835,0.179206667
1.912,5.06,3.565,0.03824,0.253,0.03565,0.108963333
1.663,5.812,69.866,0.03326,0.2906,0.69866,0.34084
1.741,4.862,3.324,0.03482,0.2431,0.03324,0.10372
2.465,4.813,5.822,0.0493,0.24065,0.05822,0.116056667
2.326,5.015,5.908,0.04652,0.25075,0.05908,0.118783333
1.898,4.933,3.238,0.03796,0.24665,0.03238,0.105663333
2.001,4.82,3.353,0.04002,0.241,0.03353,0.10485
1.949,6.107,3.76,0.03898,0.30535,0.0376,0.12731
3.355,5.794,4.587,0.0671,0.2897,0.04587,0.134223333
1.69,4.895,4.92,0.0338,0.24475,0.0492,0.10925
4.249,4.836,5.843,0.08498,0.2418,0.05843,0.128403333
1.755,5.09,3.275,0.0351,0.2545,0.03275,0.10745
1.937,6.219,3.339,0.03874,0.31095,0.03339,0.127693333
310.052,5.985,9.577,6.20104,0.29925,0.09577,2.198686667
2.328,5.711,3.315,0.04656,0.28555,0.03315,0.121753333
527.969,8.08,55.168,10.55938,0.404,0.55168,3.838353333
3.567,5.653,4.757,0.07134,0.28265,0.04757,0.133853333
1.975,5.409,3.512,0.0395,0.27045,0.03512,0.115023333
1.648,5.688,68.595,0.03296,0.2844,0.68595,0.334436667
1.889,9.26,3.522,0.03778,0.463,0.03522,0.178666667
1.916,4.774,3.538,0.03832,0.2387,0.03538,0.104133333
1.724,5.062,3.215,0.03448,0.2531,0.03215,0.106576667
1.626,4.967,4.857,0.03252,0.24835,0.04857,0.109813333
2.036,5.93,3.609,0.04072,0.2965,0.03609,0.124436667
4.016,5.737,4.452,0.08032,0.28685,0.04452,0.13723
2.125,4.901,5.738,0.0425,0.24505,0.05738,0.114976667
1.71,5.489,57.327,0.0342,0.27445,0.57327,0.293973333
1.778,4.948,4.767,0.03556,0.2474,0.04767,0.11021
3.359,5.103,5.526,0.06718,0.25515,0.05526,0.125863333
2.187,6.587,3.693,0.04374,0.32935,0.03693,0.136673333
1.692,5.728,3.204,0.03384,0.2864,0.03204,0.117426667
1.922,4.908,3.367,0.03844,0.2454,0.03367,0.105836667
1.7,9.474,4.753,0.034,0.4737,0.04753,0.185076667
1.884,4.799,3.268,0.03768,0.23995,0.03268,0.103436667
3.603,9.456,6.753,0.07206,0.4728,0.06753,0.20413
1.905,5.004,3.502,0.0381,0.2502,0.03502,0.107773333
1.905,25.007,3.485,0.0381,1.25035,0.03485,0.4411
1.65,6.593,4.806,0.033,0.32965,0.04806,0.136903333
2.194,4.996,6.156,0.04388,0.2498,0.06156,0.118413333
1.953,8.599,3.211,0.03906,0.42995,0.03211,0.16704
1.6,5.745,3.749,0.032,0.28725,0.03749,0.118913333
1.722,4.81,4.662,0.03444,0.2405,0.04662,0.107186667
1.959,4.762,3.302,0.03918,0.2381,0.03302,0.103433333
2.066,5.34,3.589,0.04132,0.267,0.03589,0.114736667
2.383,4.858,3.565,0.04766,0.2429,0.03565,0.108736667
1.663,4.764,3.488,0.03326,0.2382,0.03488,0.102113333
1.926,8.887,3.511,0.03852,0.44435,0.03511,0.17266
1.905,4.849,3.402,0.0381,0.24245,0.03402,0.104856667
1.694,5.692,31.674,0.03388,0.2846,0.31674,0.21174
2.771,6.349,5.165,0.05542,0.31745,0.05165,0.141506667
1.985,4.553,3.263,0.0397,0.22765,0.03263,0.099993333
1.975,8.331,3.248,0.0395,0.41655,0.03248,0.162843333
1.8,5.19,4.841,0.036,0.2595,0.04841,0.114636667
5.852,9.061,7.386,0.11704,0.45305,0.07386,0.21465
2.894,5.934,4.745,0.05788,0.2967,0.04745,0.13401
446.205,5.431,4.773,8.9241,0.27155,0.04773,3.081126667
1.952,4.916,5.868,0.03904,0.2458,0.05868,0.114506667
3.817,5.425,4.531,0.07634,0.27125,0.04531,0.130966667
10.383,5.106,5.245,0.20766,0.2553,0.05245,0.171803333
1.715,5.584,40.021,0.0343,0.2792,0.40021,0.237903333
1.703,5.477,40.355,0.03406,0.27385,0.40355,0.237153333
1.889,4.906,3.595,0.03778,0.2453,0.03595,0.106343333
1.971,9.28,3.14,0.03942,0.464,0.0314,0.178273333
1.934,4.803,3.226,0.03868,0.24015,0.03226,0.103696667
2.022,5.659,3.272,0.04044,0.28295,0.03272,0.118703333
1.689,4.854,4.852,0.03378,0.2427,0.04852,0.108333333
1.76,4.838,4.859,0.0352,0.2419,0.04859,0.108563333
1.708,4.737,4.817,0.03416,0.23685,0.04817,0.106393333
2.255,5.551,3.437,0.0451,0.27755,0.03437,0.119006667
1.996,9.138,3.28,0.03992,0.4569,0.0328,0.17654
1.453,4.693,5.754,0.02906,0.23465,0.05754,0.107083333
1.715,5.874,66.784,0.0343,0.2937,0.66784,0.331946667
2,4.765,3.273,0.04,0.23825,0.03273,0.10366
1.955,8.943,3.357,0.0391,0.44715,0.03357,0.173273333
1.755,4.634,4.571,0.0351,0.2317,0.04571,0.10417
1.948,9.238,3.549,0.03896,0.4619,0.03549,0.178783333
1.917,4.745,3.206,0.03834,0.23725,0.03206,0.10255
2.706,5.103,5.855,0.05412,0.25515,0.05855,0.122606667
3.704,5.687,4.579,0.07408,0.28435,0.04579,0.13474
1.938,8.06,3.511,0.03876,0.403,0.03511,0.158956667
414.625,6.562,9.404,8.2925,0.3281,0.09404,2.90488
1.788,4.817,5.675,0.03576,0.24085,0.05675,0.11112
2.263,5.693,3.63,0.04526,0.28465,0.0363,0.12207
1.726,5.384,38.327,0.03452,0.2692,0.38327,0.228996667
1.841,5.688,3.133,0.03682,0.2844,0.03133,0.117516667
1.679,6.347,4.639,0.03358,0.31735,0.04639,0.13244
4.064,5.069,6.158,0.08128,0.25345,0.06158,0.132103333
1.707,4.869,4.715,0.03414,0.24345,0.04715,0.108246667
1.811,5.466,3.301,0.03622,0.2733,0.03301,0.114176667
1.866,4.817,3.496,0.03732,0.24085,0.03496,0.104376667
1.959,8.938,3.504,0.03918,0.4469,0.03504,0.173706667
2.866,9.144,4.821,0.05732,0.4572,0.04821,0.187576667
1.827,6.701,43.013,0.03654,0.33505,0.43013,0.26724
2.321,5.465,3.371,0.04642,0.27325,0.03371,0.117793333
1.67,5.593,40.786,0.0334,0.27965,0.40786,0.240303333
1.923,6.446,3.487,0.03846,0.3223,0.03487,0.131876667
1.755,5.652,57.771,0.0351,0.2826,0.57771,0.29847
2.948,7.401,37.676,0.05896,0.37005,0.37676,0.26859
1.699,6.425,4.616,0.03398,0.32125,0.04616,0.133796667
2.303,5.766,3.311,0.04606,0.2883,0.03311,0.12249
1.797,4.816,3.625,0.03594,0.2408,0.03625,0.10433
2.149,6.205,70.013,0.04298,0.31025,0.70013,0.35112
1.947,4.866,3.278,0.03894,0.2433,0.03278,0.105006667
1.678,6.261,4.878,0.03356,0.31305,0.04878,0.131796667
3.814,4.914,5.832,0.07628,0.2457,0.05832,0.126766667
1.887,4.924,3.583,0.03774,0.2462,0.03583,0.10659
10.696,6.133,6.34,0.21392,0.30665,0.0634,0.194656667
1.873,6.67,68.146,0.03746,0.3335,0.68146,0.350806667
1.907,5.836,5.803,0.03814,0.2918,0.05803,0.129323333
1.721,5.464,63.986,0.03442,0.2732,0.63986,0.315826667
8.21,5.432,3.637,0.1642,0.2716,0.03637,0.15739
1.959,6.742,43.634,0.03918,0.3371,0.43634,0.270873333
1.925,4.927,3.211,0.0385,0.24635,0.03211,0.105653333
1.721,5.495,45.547,0.03442,0.27475,0.45547,0.25488
5.951,4.832,7.394,0.11902,0.2416,0.07394,0.144853333
1.886,8.862,3.356,0.03772,0.4431,0.03356,0.17146
5.708,5.784,4.669,0.11416,0.2892,0.04669,0.150016667
1.973,4.788,3.179,0.03946,0.2394,0.03179,0.10355
1.754,5.669,55.399,0.03508,0.28345,0.55399,0.29084
3.483,5.124,5.67,0.06966,0.2562,0.0567,0.12752
1.945,5.027,3.336,0.0389,0.25135,0.03336,0.10787
3.763,4.791,5.677,0.07526,0.23955,0.05677,0.12386
1.878,5.901,5.835,0.03756,0.29505,0.05835,0.13032
1.682,5.694,3.496,0.03364,0.2847,0.03496,0.117766667
1.955,4.783,3.639,0.0391,0.23915,0.03639,0.10488
1.964,9.148,3.378,0.03928,0.4574,0.03378,0.17682
5.97,5.017,5.447,0.1194,0.25085,0.05447,0.141573333
2.156,6.443,3.514,0.04312,0.32215,0.03514,0.13347
1.89,4.665,3.608,0.0378,0.23325,0.03608,0.102376667
1.919,8.827,3.695,0.03838,0.44135,0.03695,0.172226667
1.503,4.93,5.634,0.03006,0.2465,0.05634,0.110966667
2.095,4.889,6.218,0.0419,0.24445,0.06218,0.116176667
2.027,5.601,3.677,0.04054,0.28005,0.03677,0.11912
1.853,4.815,5.499,0.03706,0.24075,0.05499,0.110933333
1.93,8.936,3.58,0.0386,0.4468,0.0358,0.173733333
1.937,4.967,3.467,0.03874,0.24835,0.03467,0.107253333
2.476,6.403,3.497,0.04952,0.32015,0.03497,0.13488
1.807,4.839,3.425,0.03614,0.24195,0.03425,0.104113333
2.069,4.866,4.656,0.04138,0.2433,0.04656,0.110413333
1.694,4.851,4.523,0.03388,0.24255,0.04523,0.10722
427.244,5.35,5.068,8.54488,0.2675,0.05068,2.954353333
1.907,4.611,5.714,0.03814,0.23055,0.05714,0.10861
1.803,5.697,73.139,0.03606,0.28485,0.73139,0.350766667
1.945,4.823,3.477,0.0389,0.24115,0.03477,0.10494
1.893,8.801,3.551,0.03786,0.44005,0.03551,0.17114
2.445,6.476,3.527,0.0489,0.3238,0.03527,0.13599
1.861,5.642,66.404,0.03722,0.2821,0.66404,0.327786667
4.092,5.467,4.672,0.08184,0.27335,0.04672,0.13397
3.174,4.902,5.368,0.06348,0.2451,0.05368,0.120753333
1.833,9.302,3.099,0.03666,0.4651,0.03099,0.177583333
1.663,4.843,4.913,0.03326,0.24215,0.04913,0.10818
1.737,5.931,65.846,0.03474,0.29655,0.65846,0.329916667
1.646,5.149,3.308,0.03292,0.25745,0.03308,0.107816667
2.305,5.075,5.653,0.0461,0.25375,0.05653,0.118793333
2.787,5.851,4.623,0.05574,0.29255,0.04623,0.131506667
6.42,5.98,6.158,0.1284,0.299,0.06158,0.162993333
1.766,5.177,3.618,0.03532,0.25885,0.03618,0.110116667
3.034,5.039,3.783,0.06068,0.25195,0.03783,0.11682
1.912,9.115,3.711,0.03824,0.45575,0.03711,0.177033333
1.871,5.029,3.588,0.03742,0.25145,0.03588,0.10825
2.294,4.777,6.164,0.04588,0.23885,0.06164,0.115456667
2.118,5.631,3.612,0.04236,0.28155,0.03612,0.12001
1.974,8.283,3.658,0.03948,0.41415,0.03658,0.163403333
2.425,6.542,3.487,0.0485,0.3271,0.03487,0.136823333
291.428,5.487,4.841,5.82856,0.27435,0.04841,2.05044
1.908,4.758,3.525,0.03816,0.2379,0.03525,0.10377
3.145,4.907,3.756,0.0629,0.24535,0.03756,0.11527
2.034,5.009,3.862,0.04068,0.25045,0.03862,0.109916667
3.77,7.105,40.124,0.0754,0.35525,0.40124,0.277296667
2.296,6.438,4.859,0.04592,0.3219,0.04859,0.138803333
2.022,6.646,44.486,0.04044,0.3323,0.44486,0.272533333
1.983,4.797,3.221,0.03966,0.23985,0.03221,0.103906667
1.759,4.669,4.624,0.03518,0.23345,0.04624,0.104956667
3.452,4.867,5.847,0.06904,0.24335,0.05847,0.12362
1.651,6.05,3.473,0.03302,0.3025,0.03473,0.123416667
9.805,6.378,6.236,0.1961,0.3189,0.06236,0.192453333
3.556,7.193,38.503,0.07112,0.35965,0.38503,0.271933333
2.407,7.2,3.788,0.04814,0.36,0.03788,0.148673333
2.309,7.263,3.442,0.04618,0.36315,0.03442,0.147916667
2.833,4.871,3.4,0.05666,0.24355,0.034,0.111403333
2.013,5.245,3.152,0.04026,0.26225,0.03152,0.111343333
1.782,5.643,59.848,0.03564,0.28215,0.59848,0.305423333
3.276,5.884,5.006,0.06552,0.2942,0.05006,0.136593333
1.767,5.684,60.364,0.03534,0.2842,0.60364,0.307726667
3.183,7.18,4.614,0.06366,0.359,0.04614,0.156266667
1.743,6.751,58.024,0.03486,0.33755,0.58024,0.31755
1.971,6.643,3.536,0.03942,0.33215,0.03536,0.135643333
1.808,5.646,59.913,0.03616,0.2823,0.59913,0.305863333
2.269,6.519,3.55,0.04538,0.32595,0.0355,0.13561
2.199,5.626,3.491,0.04398,0.2813,0.03491,0.120063333
4.405,7.37,53.413,0.0881,0.3685,0.53413,0.330243333
1.778,4.807,3.25,0.03556,0.24035,0.0325,0.102803333
1.959,8.353,3.219,0.03918,0.41765,0.03219,0.163006667
539.95,6.343,8.955,10.799,0.31715,0.08955,3.735233333
1.684,5.641,56.241,0.03368,0.28205,0.56241,0.292713333
3.167,6.547,4.882,0.06334,0.32735,0.04882,0.146503333
1.68,4.935,4.756,0.0336,0.24675,0.04756,0.109303333
1.712,5.866,35.524,0.03424,0.2933,0.35524,0.227593333
2.015,4.815,3.322,0.0403,0.24075,0.03322,0.104756667
1.945,5.67,3.348,0.0389,0.2835,0.03348,0.118626667
349.953,5.515,4.756,6.99906,0.27575,0.04756,2.44079
1.596,4.898,3.473,0.03192,0.2449,0.03473,0.10385
3.463,6.999,38.22,0.06926,0.34995,0.3822,0.267136667
342.952,5.833,10.188,6.85904,0.29165,0.10188,2.417523333
1.726,4.79,4.704,0.03452,0.2395,0.04704,0.10702
2.16,4.98,5.513,0.0432,0.249,0.05513,0.115776667
1.923,5.135,3.187,0.03846,0.25675,0.03187,0.109026667
398.862,5.493,4.752,7.97724,0.27465,0.04752,2.76647
1.999,4.783,3.547,0.03998,0.23915,0.03547,0.104866667
5.512,5.992,7.768,0.11024,0.2996,0.07768,0.162506667
1.675,5.754,54.775,0.0335,0.2877,0.54775,0.28965
1.897,9.501,3.346,0.03794,0.47505,0.03346,0.18215
3.856,7.469,54.094,0.07712,0.37345,0.54094,0.330503333
1.94,9.142,3.233,0.0388,0.4571,0.03233,0.176076667
276.453,5.688,4.931,5.52906,0.2844,0.04931,1.954256667
1.624,5.042,3.685,0.03248,0.2521,0.03685,0.107143333
1.983,9.462,3.179,0.03966,0.4731,0.03179,0.181516667
1.953,4.877,3.203,0.03906,0.24385,0.03203,0.10498
1.893,6.641,3.328,0.03786,0.33205,0.03328,0.134396667
351.653,5.606,4.694,7.03306,0.2803,0.04694,2.453433333
1.921,4.956,3.522,0.03842,0.2478,0.03522,0.107146667
2.928,5.451,3.516,0.05856,0.27255,0.03516,0.12209
3.222,2672.419,5.879,0.06444,133.62095,0.05879,44.58139333
1.93,5.076,5.695,0.0386,0.2538,0.05695,0.11645
4.655,4.855,5.956,0.0931,0.24275,0.05956,0.131803333
1.958,9.549,3.431,0.03916,0.47745,0.03431,0.18364
2.904,7.527,46.77,0.05808,0.37635,0.4677,0.30071
2.119,5.669,3.439,0.04238,0.28345,0.03439,0.120073333
2.275,6.536,62.467,0.0455,0.3268,0.62467,0.332323333
3.128,5.613,4.679,0.06256,0.28065,0.04679,0.13
9.047,6.049,6.319,0.18094,0.30245,0.06319,0.182193333
2.889,7.43,40.041,0.05778,0.3715,0.40041,0.276563333
5.093,5.606,4.816,0.10186,0.2803,0.04816,0.14344
3.998,5.736,4.878,0.07996,0.2868,0.04878,0.138513333
9.115,5.99,6.048,0.1823,0.2995,0.06048,0.18076
2.307,8.27,3.632,0.04614,0.4135,0.03632,0.16532
2.207,7.248,3.481,0.04414,0.3624,0.03481,0.147116667
6.402,7.166,68.326,0.12804,0.3583,0.68326,0.389866667
3.865,4.719,7.241,0.0773,0.23595,0.07241,0.128553333
3.327,7.321,70.89,0.06654,0.36605,0.7089,0.380496667
1.897,4.825,3.298,0.03794,0.24125,0.03298,0.104056667
3.265,5.708,4.74,0.0653,0.2854,0.0474,0.1327
1.699,2582.462,5.685,0.03398,129.1231,0.05685,43.07131
1.805,10.289,6.04,0.0361,0.51445,0.0604,0.20365
2.961,4.812,3.626,0.05922,0.2406,0.03626,0.112026667
2.459,8.854,3.713,0.04918,0.4427,0.03713,0.176336667
2.93,4.817,3.558,0.0586,0.24085,0.03558,0.111676667
2.92,7.53,36.488,0.0584,0.3765,0.36488,0.266593333
1.94,6.008,3.233,0.0388,0.3004,0.03233,0.123843333
3.292,4.882,3.628,0.06584,0.2441,0.03628,0.115406667
3.864,7.437,62.641,0.07728,0.37185,0.62641,0.358513333
1.918,8.396,3.364,0.03836,0.4198,0.03364,0.163933333
3.901,4.795,5.028,0.07802,0.23975,0.05028,0.122683333
1.927,6.662,47.681,0.03854,0.3331,0.47681,0.282816667
2.437,5.462,122.882,0.04874,0.2731,1.22882,0.516886667
1.682,5.07,3.241,0.03364,0.2535,0.03241,0.106516667
1.71,5.701,45.708,0.0342,0.28505,0.45708,0.258776667
2.246,2550.589,3.459,0.04492,127.52945,0.03459,42.53632
1.724,8.802,5.811,0.03448,0.4401,0.05811,0.177563333
5.715,6.465,112.8,0.1143,0.32325,1.128,0.52185
1.902,4.701,3.438,0.03804,0.23505,0.03438,0.10249
1.591,5.626,64.791,0.03182,0.2813,0.64791,0.320343333
1.897,4.796,3.511,0.03794,0.2398,0.03511,0.104283333
1.612,5.749,54.928,0.03224,0.28745,0.54928,0.289656667
2.841,7.44,75.081,0.05682,0.372,0.75081,0.39321
3.562,4.615,7.126,0.07124,0.23075,0.07126,0.124416667
4.533,7.565,55.65,0.09066,0.37825,0.5565,0.341803333
1.628,4.838,3.206,0.03256,0.2419,0.03206,0.102173333
4.693,8.085,6.138,0.09386,0.40425,0.06138,0.186496667
2.471,7.237,38.341,0.04942,0.36185,0.38341,0.264893333
7.247,7.187,68.844,0.14494,0.35935,0.68844,0.397576667
1.917,10.462,3.484,0.03834,0.5231,0.03484,0.19876
348.537,5.49,4.981,6.97074,0.2745,0.04981,2.431683333
1.677,4.845,3.632,0.03354,0.24225,0.03632,0.104036667
2.028,9.098,5.897,0.04056,0.4549,0.05897,0.18481
2.8,5.094,3.823,0.056,0.2547,0.03823,0.11631
6.113,6.008,6.135,0.12226,0.3004,0.06135,0.161336667
2.022,9.49,3.098,0.04044,0.4745,0.03098,0.181973333
2.969,6.417,4.779,0.05938,0.32085,0.04779,0.142673333
2.071,6.397,3.591,0.04142,0.31985,0.03591,0.132393333
1.694,4.642,4.676,0.03388,0.2321,0.04676,0.104246667
1.942,8.952,3.209,0.03884,0.4476,0.03209,0.172843333
7.192,6.381,118.518,0.14384,0.31905,1.18518,0.549356667
1.949,4.749,3.325,0.03898,0.23745,0.03325,0.103226667
3.83,5.639,4.72,0.0766,0.28195,0.0472,0.13525
1.682,4.792,5.105,0.03364,0.2396,0.05105,0.108096667
1.929,5.693,3.103,0.03858,0.28465,0.03103,0.118086667
1.966,6.599,3.599,0.03932,0.32995,0.03599,0.135086667
2.188,7.147,3.597,0.04376,0.35735,0.03597,0.145693333
3.705,9.453,6.265,0.0741,0.47265,0.06265,0.203133333
1.918,4.664,3.307,0.03836,0.2332,0.03307,0.101543333
5.954,6.369,120.872,0.11908,0.31845,1.20872,0.54875
1.995,4.767,3.232,0.0399,0.23835,0.03232,0.103523333
1.985,9.55,3.354,0.0397,0.4775,0.03354,0.18358
2.254,7.348,3.68,0.04508,0.3674,0.0368,0.14976
3.27,7.663,54.729,0.0654,0.38315,0.54729,0.331946667
1.918,4.625,3.431,0.03836,0.23125,0.03431,0.101306667
1.915,4.716,3.704,0.0383,0.2358,0.03704,0.103713333
1.94,6.039,3.3,0.0388,0.30195,0.033,0.124583333
1.983,6.242,3.692,0.03966,0.3121,0.03692,0.12956
2.18,6.41,3.642,0.0436,0.3205,0.03642,0.133506667
1.694,5.145,3.508,0.03388,0.25725,0.03508,0.108736667
1.735,6.697,53.143,0.0347,0.33485,0.53143,0.300326667
1.691,5.885,4.81,0.03382,0.29425,0.0481,0.12539
2.924,4.891,3.651,0.05848,0.24455,0.03651,0.11318
1.983,6.463,3.443,0.03966,0.32315,0.03443,0.132413333
1.876,6.805,41.675,0.03752,0.34025,0.41675,0.26484
1.635,5.682,62.974,0.0327,0.2841,0.62974,0.315513333
1.949,9.498,3.61,0.03898,0.4749,0.0361,0.183326667
1.915,4.73,3.112,0.0383,0.2365,0.03112,0.101973333
1.873,6.318,3.386,0.03746,0.3159,0.03386,0.129073333
4.927,6.262,126.345,0.09854,0.3131,1.26345,0.558363333
1.886,4.881,3.177,0.03772,0.24405,0.03177,0.104513333
1.918,9.388,3.656,0.03836,0.4694,0.03656,0.18144
1.723,5.23,4.721,0.03446,0.2615,0.04721,0.11439
1.964,8.48,3.363,0.03928,0.424,0.03363,0.165636667
1.925,7.145,3.641,0.0385,0.35725,0.03641,0.144053333
1.739,4.824,4.821,0.03478,0.2412,0.04821,0.108063333
7.558,9.477,6.131,0.15116,0.47385,0.06131,0.228773333
4.377,7.477,63.148,0.08754,0.37385,0.63148,0.36429
2.744,7.377,54.322,0.05488,0.36885,0.54322,0.322316667
1.951,4.67,3.191,0.03902,0.2335,0.03191,0.101476667
9.058,6.548,127.995,0.18116,0.3274,1.27995,0.59617
1.984,4.92,3.609,0.03968,0.246,0.03609,0.107256667
2.002,9.468,3.255,0.04004,0.4734,0.03255,0.181996667
396.336,5.497,4.966,7.92672,0.27485,0.04966,2.75041
1.989,9.093,5.692,0.03978,0.45465,0.05692,0.183783333
1.716,6.769,60.833,0.03432,0.33845,0.60833,0.327033333
1.872,7.147,3.69,0.03744,0.35735,0.0369,0.143896667
1.909,4.978,3.417,0.03818,0.2489,0.03417,0.107083333
3.498,5.131,7.311,0.06996,0.25655,0.07311,0.133206667
2.471,21.953,3.653,0.04942,1.09765,0.03653,0.394533333
1.697,4.805,3.134,0.03394,0.24025,0.03134,0.101843333
2.466,10.387,3.439,0.04932,0.51935,0.03439,0.20102
1.665,5.011,3.387,0.0333,0.25055,0.03387,0.105906667
1.716,6.62,41.234,0.03432,0.331,0.41234,0.25922
1.908,5.146,3.504,0.03816,0.2573,0.03504,0.110166667
5.926,6.278,117.85,0.11852,0.3139,1.1785,0.536973333
1.971,4.909,4.01,0.03942,0.24545,0.0401,0.108323333
1.925,5.102,5.529,0.0385,0.2551,0.05529,0.116296667
1.997,34.059,3.21,0.03994,1.70295,0.0321,0.591663333
2.893,6.484,4.593,0.05786,0.3242,0.04593,0.142663333
2.467,9.151,3.679,0.04934,0.45755,0.03679,0.181226667
1.724,4.877,3.279,0.03448,0.24385,0.03279,0.103706667
1.642,4.817,4.751,0.03284,0.24085,0.04751,0.107066667
1.919,10.35,3.341,0.03838,0.5175,0.03341,0.19643
2.005,4.887,4.874,0.0401,0.24435,0.04874,0.111063333
1.677,5.546,71.36,0.03354,0.2773,0.7136,0.34148
5.073,6.309,110.462,0.10146,0.31545,1.10462,0.507176667
1.964,4.58,3.261,0.03928,0.229,0.03261,0.100296667
1.832,6.188,43.069,0.03664,0.3094,0.43069,0.25891
1.675,4.779,4.665,0.0335,0.23895,0.04665,0.106366667
1.702,4.831,3.214,0.03404,0.24155,0.03214,0.102576667
1.621,9.098,5.599,0.03242,0.4549,0.05599,0.181103333
5.03,6.429,123.289,0.1006,0.32145,1.23289,0.551646667
1.996,9.551,3.678,0.03992,0.47755,0.03678,0.18475
2.302,5.45,124.092,0.04604,0.2725,1.24092,0.51982
1.673,4.892,3.322,0.03346,0.2446,0.03322,0.10376
2.254,5.611,3.118,0.04508,0.28055,0.03118,0.118936667
1.698,4.669,4.635,0.03396,0.23345,0.04635,0.104586667
2.146,6.209,51.492,0.04292,0.31045,0.51492,0.28943
1.719,4.806,4.816,0.03438,0.2403,0.04816,0.107613333
2.076,4.967,5.575,0.04152,0.24835,0.05575,0.115206667
1.943,10.279,3.176,0.03886,0.51395,0.03176,0.194856667
4.459,6.53,117.609,0.08918,0.3265,1.17609,0.53059
1.901,5.663,3.459,0.03802,0.28315,0.03459,0.118586667
1.762,4.91,4.546,0.03524,0.2455,0.04546,0.108733333
1.877,9.136,3.64,0.03754,0.4568,0.0364,0.176913333
1.946,5.109,3.662,0.03892,0.25545,0.03662,0.11033
2.203,4.884,4.714,0.04406,0.2442,0.04714,0.1118
2.083,8.974,5.61,0.04166,0.4487,0.0561,0.182153333
3.227,4.941,3.59,0.06454,0.24705,0.0359,0.11583
2.465,9.256,3.475,0.0493,0.4628,0.03475,0.182283333
1.68,4.681,4.762,0.0336,0.23405,0.04762,0.10509
1.94,6.042,3.283,0.0388,0.3021,0.03283,0.124576667
1.625,4.82,3.215,0.0325,0.241,0.03215,0.101883333
2.037,4.916,3.355,0.04074,0.2458,0.03355,0.106696667
2.017,6.411,3.217,0.04034,0.32055,0.03217,0.13102
1.999,4.742,3.182,0.03998,0.2371,0.03182,0.102966667
2.027,5.923,3.265,0.04054,0.29615,0.03265,0.123113333
3.87,5.68,4.859,0.0774,0.284,0.04859,0.136663333
1.926,21.667,3.316,0.03852,1.08335,0.03316,0.38501
2.83,6.234,4.891,0.0566,0.3117,0.04891,0.13907
1.941,4.786,3.49,0.03882,0.2393,0.0349,0.10434
1.86,5.021,3.297,0.0372,0.25105,0.03297,0.107073333
1.707,4.812,4.91,0.03414,0.2406,0.0491,0.107946667
1.985,7.935,3.591,0.0397,0.39675,0.03591,0.157453333
2.009,4.744,3.568,0.04018,0.2372,0.03568,0.104353333
1.787,5.989,66.77,0.03574,0.29945,0.6677,0.334296667
1.886,4.985,3.463,0.03772,0.24925,0.03463,0.1072
2.961,7.392,68.45,0.05922,0.3696,0.6845,0.371106667
1.866,6.379,3.545,0.03732,0.31895,0.03545,0.130573333
3.663,5.594,3.611,0.07326,0.2797,0.03611,0.12969
1.908,4.653,5.815,0.03816,0.23265,0.05815,0.109653333
3.117,7.406,57.537,0.06234,0.3703,0.57537,0.336003333
1.984,5.788,3.207,0.03968,0.2894,0.03207,0.120383333
2.208,8.553,3.849,0.04416,0.42765,0.03849,0.1701
321.846,5.095,6.226,6.43692,0.25475,0.06226,2.25131
290.007,36.302,7.261,5.80014,1.8151,0.07261,2.562616667
2.232,5.156,3.618,0.04464,0.2578,0.03618,0.112873333
1.896,7.397,38.308,0.03792,0.36985,0.38308,0.263616667
2.005,6.416,5.642,0.0401,0.3208,0.05642,0.139106667
2.852,7.332,73.203,0.05704,0.3666,0.73203,0.385223333
1.925,4.746,3.497,0.0385,0.2373,0.03497,0.10359
1.853,9.174,3.315,0.03706,0.4587,0.03315,0.176303333
531.988,4.845,6.193,10.63976,0.24225,0.06193,3.64798
2.315,6.288,3.604,0.0463,0.3144,0.03604,0.132246667
1.842,5.171,5.575,0.03684,0.25855,0.05575,0.117046667
1.949,31.126,3.38,0.03898,1.5563,0.0338,0.543026667
2.324,6.352,4.925,0.04648,0.3176,0.04925,0.137776667
1.902,8.374,3.363,0.03804,0.4187,0.03363,0.163456667
2.417,6.405,3.735,0.04834,0.32025,0.03735,0.135313333
2.36,8.345,3.489,0.0472,0.41725,0.03489,0.166446667
403.585,4.851,6.106,8.0717,0.24255,0.06106,2.79177
2.061,41.612,5.905,0.04122,2.0806,0.05905,0.726956667
8.268,4.794,5.014,0.16536,0.2397,0.05014,0.151733333
1.621,8.901,5.845,0.03242,0.44505,0.05845,0.17864
1.667,4.763,4.928,0.03334,0.23815,0.04928,0.106923333
2.333,6.381,66.762,0.04666,0.31905,0.66762,0.344443333
1.941,6.047,3.339,0.03882,0.30235,0.03339,0.124853333
1.868,5.631,3.294,0.03736,0.28155,0.03294,0.117283333
1.983,4.931,5.789,0.03966,0.24655,0.05789,0.1147
1.966,7.935,3.334,0.03932,0.39675,0.03334,0.15647
2.408,8.951,3.702,0.04816,0.44755,0.03702,0.177576667
6.147,8.227,5.955,0.12294,0.41135,0.05955,0.197946667
1.724,4.735,4.683,0.03448,0.23675,0.04683,0.10602
1.705,7.816,6.046,0.0341,0.3908,0.06046,0.161786667
5.39,6.381,114.242,0.1078,0.31905,1.14242,0.52309
1.858,6.557,3.298,0.03716,0.32785,0.03298,0.132663333
1.921,4.904,3.449,0.03842,0.2452,0.03449,0.106036667
1.909,21.456,3.475,0.03818,1.0728,0.03475,0.38191
3.211,6.397,4.893,0.06422,0.31985,0.04893,0.144333333
6.81,7.287,63.503,0.1362,0.36435,0.63503,0.378526667
1.719,4.782,4.598,0.03438,0.2391,0.04598,0.106486667
2.024,22.059,3.341,0.04048,1.10295,0.03341,0.39228
3.2,5.865,4.727,0.064,0.29325,0.04727,0.13484
2.954,4.852,3.874,0.05908,0.2426,0.03874,0.113473333
1.583,5.396,3.681,0.03166,0.2698,0.03681,0.112756667
1.928,6.465,3.307,0.03856,0.32325,0.03307,0.131626667
2.019,5.688,3.292,0.04038,0.2844,0.03292,0.119233333
1.89,8.301,3.461,0.0378,0.41505,0.03461,0.162486667
440.013,6.477,10.688,8.80026,0.32385,0.10688,3.076996667
6.203,6.895,74.732,0.12406,0.34475,0.74732,0.405376667
2.412,6.436,3.549,0.04824,0.3218,0.03549,0.135176667
2.332,25.539,3.715,0.04664,1.27695,0.03715,0.45358
7.968,5.467,3.45,0.15936,0.27335,0.0345,0.155736667
1.737,5.075,3.3,0.03474,0.25375,0.033,0.107163333
1.703,6.021,3.209,0.03406,0.30105,0.03209,0.1224
2.778,6.239,4.935,0.05556,0.31195,0.04935,0.138953333
2.76,4.802,5.735,0.0552,0.2401,0.05735,0.11755
2.149,10.166,5.849,0.04298,0.5083,0.05849,0.203256667
3.277,7.193,73.401,0.06554,0.35965,0.73401,0.3864
1.631,4.693,4.889,0.03262,0.23465,0.04889,0.105386667
3.745,4.878,5.828,0.0749,0.2439,0.05828,0.125693333
1.715,5.692,57.021,0.0343,0.2846,0.57021,0.29637
1.696,9.089,5.918,0.03392,0.45445,0.05918,0.182516667
2.986,4.824,5.827,0.05972,0.2412,0.05827,0.11973
4.719,7.277,65.752,0.09438,0.36385,0.65752,0.371916667
1.921,7.863,3.256,0.03842,0.39315,0.03256,0.15471
3.268,4.939,3.788,0.06536,0.24695,0.03788,0.11673
2.488,21.852,3.899,0.04976,1.0926,0.03899,0.393783333
1.887,6.752,48.245,0.03774,0.3376,0.48245,0.28593
1.567,4.9,6.098,0.03134,0.245,0.06098,0.11244
1.791,7.063,3.164,0.03582,0.35315,0.03164,0.140203333
6.019,7.05,6.185,0.12038,0.3525,0.06185,0.178243333
3.125,29.604,4.748,0.0625,1.4802,0.04748,0.53006
331.413,4.859,6.064,6.62826,0.24295,0.06064,2.310616667
2.165,5.855,3.664,0.0433,0.29275,0.03664,0.12423
2.013,10.793,3.467,0.04026,0.53965,0.03467,0.20486
1.668,4.755,5.699,0.03336,0.23775,0.05699,0.109366667
1.665,6.411,3.199,0.0333,0.32055,0.03199,0.128613333
2.186,6.295,3.529,0.04372,0.31475,0.03529,0.131253333
1.939,4.832,3.392,0.03878,0.2416,0.03392,0.104766667
1.976,5.948,3.634,0.03952,0.2974,0.03634,0.12442
1.912,33.856,3.156,0.03824,1.6928,0.03156,0.587533333
1.694,5.766,44.799,0.03388,0.2883,0.44799,0.256723333
3.896,4.761,7.025,0.07792,0.23805,0.07025,0.12874
1.896,29.77,3.342,0.03792,1.4885,0.03342,0.519946667
2.939,2734.977,6.082,0.05878,136.74885,0.06082,45.62281667
1.859,8.742,5.668,0.03718,0.4371,0.05668,0.176986667
2.464,6.553,3.497,0.04928,0.32765,0.03497,0.1373
538.741,4.982,6.368,10.77482,0.2491,0.06368,3.695866667
1.969,4.721,3.255,0.03938,0.23605,0.03255,0.10266
1.884,34.291,3.194,0.03768,1.71455,0.03194,0.594723333
2.875,4.943,3.515,0.0575,0.24715,0.03515,0.113266667
1.909,9.15,3.759,0.03818,0.4575,0.03759,0.177756667
1.973,6.574,3.511,0.03946,0.3287,0.03511,0.134423333
2.318,36.031,3.573,0.04636,1.80155,0.03573,0.62788
3.153,4.858,3.553,0.06306,0.2429,0.03553,0.11383
1.953,9.207,3.689,0.03906,0.46035,0.03689,0.178766667
1.938,4.973,3.567,0.03876,0.24865,0.03567,0.107693333
1.908,4.719,3.571,0.03816,0.23595,0.03571,0.103273333
3.25,5.418,116.357,0.065,0.2709,1.16357,0.499823333
1.992,8.308,3.571,0.03984,0.4154,0.03571,0.16365
5.885,6.358,123.563,0.1177,0.3179,1.23563,0.557076667
1.836,5.762,3.321,0.03672,0.2881,0.03321,0.119343333
1.992,33.257,3.502,0.03984,1.66285,0.03502,0.579236667
2.897,5.524,114.023,0.05794,0.2762,1.14023,0.491456667
2.019,5.122,3.202,0.04038,0.2561,0.03202,0.1095
1.879,9.24,3.304,0.03758,0.462,0.03304,0.17754
3.09,4.832,3.578,0.0618,0.2416,0.03578,0.11306
5.408,5.122,5.666,0.10816,0.2561,0.05666,0.140306667
1.924,41.248,3.253,0.03848,2.0624,0.03253,0.711136667
222.592,7.474,127.814,4.45184,0.3737,1.27814,2.03456
1.908,42.011,3.616,0.03816,2.10055,0.03616,0.724956667
2.034,5.672,3.641,0.04068,0.2836,0.03641,0.12023
1.92,25.332,3.572,0.0384,1.2666,0.03572,0.446906667
8.567,6.324,118.728,0.17134,0.3162,1.18728,0.558273333
1.727,4.781,4.598,0.03454,0.23905,0.04598,0.106523333
5.322,33.453,6.169,0.10644,1.67265,0.06169,0.613593333
1.577,4.799,3.469,0.03154,0.23995,0.03469,0.10206
1.948,4.862,3.296,0.03896,0.2431,0.03296,0.105006667
1.918,5.099,3.226,0.03836,0.25495,0.03226,0.108523333
1.935,40.943,3.323,0.0387,2.04715,0.03323,0.70636
2.265,4.857,3.636,0.0453,0.24285,0.03636,0.10817
1.93,25.179,3.182,0.0386,1.25895,0.03182,0.443123333
3.827,7.49,52.636,0.07654,0.3745,0.52636,0.3258
3.875,4.854,5.561,0.0775,0.2427,0.05561,0.12527
1.887,33.892,3.255,0.03774,1.6946,0.03255,0.588296667
1.614,5.757,42.31,0.03228,0.28785,0.4231,0.247743333
2.086,6.366,59.655,0.04172,0.3183,0.59655,0.318856667
1.545,4.802,5.768,0.0309,0.2401,0.05768,0.10956
5.811,6.485,5.882,0.11622,0.32425,0.05882,0.16643
2.376,4.91,3.676,0.04752,0.2455,0.03676,0.109926667
3.261,37.803,5.017,0.06522,1.89015,0.05017,0.668513333
3.157,4.897,3.807,0.06314,0.24485,0.03807,0.115353333
2.366,6.604,3.866,0.04732,0.3302,0.03866,0.138726667
2.309,25.402,3.641,0.04618,1.2701,0.03641,0.450896667
1.634,4.864,3.504,0.03268,0.2432,0.03504,0.10364
1.925,30.953,3.389,0.0385,1.54765,0.03389,0.540013333
9.178,6.34,114.502,0.18356,0.317,1.14502,0.548526667
1.55,4.84,4.771,0.031,0.242,0.04771,0.106903333
2.279,21.981,3.756,0.04558,1.09905,0.03756,0.394063333
3.268,4.922,3.731,0.06536,0.2461,0.03731,0.116256667
1.883,37.461,5.676,0.03766,1.87305,0.05676,0.655823333
437.798,5.066,6.276,8.75596,0.2533,0.06276,3.024006667
1.672,8168.528,5.611,0.03344,408.4264,0.05611,136.1719833
1.719,5.097,3.173,0.03438,0.25485,0.03173,0.106986667
2.185,35.752,3.61,0.0437,1.7876,0.0361,0.622466667
1.677,4.936,3.177,0.03354,0.2468,0.03177,0.104036667
1.944,25.467,3.506,0.03888,1.27335,0.03506,0.449096667
3.224,4.867,3.7,0.06448,0.24335,0.037,0.114943333
1.68,40.117,4.512,0.0336,2.00585,0.04512,0.694856667
1.872,5.702,3.228,0.03744,0.2851,0.03228,0.118273333
1.837,6.448,3.343,0.03674,0.3224,0.03343,0.130856667
3.737,5.018,5.63,0.07474,0.2509,0.0563,0.127313333
2.007,4.738,5.866,0.04014,0.2369,0.05866,0.1119
2.872,41.378,4.94,0.05744,2.0689,0.0494,0.725246667
2.083,5.046,4.671,0.04166,0.2523,0.04671,0.113556667
1.942,33.92,3.582,0.03884,1.696,0.03582,0.59022
2.01,5.706,3.512,0.0402,0.2853,0.03512,0.120206667
1.933,25.368,3.576,0.03866,1.2684,0.03576,0.447606667
1.898,5.692,3.543,0.03796,0.2846,0.03543,0.11933
2.023,36.212,3.221,0.04046,1.8106,0.03221,0.627756667
1.985,4.868,4.699,0.0397,0.2434,0.04699,0.11003
1.922,4.86,3.169,0.03844,0.243,0.03169,0.104376667
1.748,5.061,3.488,0.03496,0.25305,0.03488,0.10763
3.043,4.914,7.517,0.06086,0.2457,0.07517,0.127243333
1.788,6.668,47.549,0.03576,0.3334,0.47549,0.28155
1.918,25.48,3.503,0.03836,1.274,0.03503,0.44913
2.293,4.813,3.72,0.04586,0.24065,0.0372,0.107903333
2.053,25.144,3.242,0.04106,1.2572,0.03242,0.44356
2.307,4.804,3.84,0.04614,0.2402,0.0384,0.108246667
